上手,資源類型
美國分析師資源,美國核能市場展望
美國分析師資源,Mark Lipacis半導體回顧與展望
美國分析師資源,白宮經驗 專家主題演講
美國分析師資源,美國網路安全市場展望
美國分析師資源,中國市場總體經濟專家主題演講
美國分析師資源,Sarah Bianchi 美國政策更新
美國分析師資源,Nick Amicucci AI如何重塑電力基礎建設版圖
美國分析師資源,Rich Ross 股票技術分析策略
元大投顧,(半導體組)晶圓代工/封測/IC設計/半導體設備/矽晶圓/記憶體
元大投顧,(海外組)總體經濟/日本商社、軍工/盤勢/美國權值股
元大投顧,(科技組)NB/MB/IPC/伺服器/散熱/顯示/光通/手機/PCB/航太/電源/自動化/連接器/重電/導軌/網通/特化
元大投顧,(傳產組)航空/鋼鐵/水泥/軟體/塑化/紡織/航運/生技/車用/隱形眼鏡/餐飲
元大上海,研究報告、分析師約訪: Erica Wan(能源、材料)；Alvin Zhang(能源、材料、科技)
元大越南,研究報告、分析師約訪
元大韓國,研究報告、分析師約訪
富蘭克林投顧,研究報告、分析師約訪
大華銀投信,經理人線上會議
Global X,日本ETF 產業品報告 / 日本產業報告
iShares,ETF 產業品報告 / 產業報告
Bloomberg,產業專家支援 - 台積電產業優勢
Nasdaq,產業專家支援 - AI 浪潮下的科技未來： 商業化趨勢與量子革命
JPM,待更新
Evercore,研究報告
Creditsights,研究報告
SMBC,研究報告
UBS,研究報告
Goldman Sachs,研究報告
Nomura,研究報告
Citigroup Global Markets,研究報告
道富銀行,研究報告
JP Morgan,研究報告
Morgan Stanley,研究報告
瑞穗證券,研究報告
